subject;sender;recipients;body;expected_purpose;expected_sentiment;expected_complexity_level;expected_agent_type;expected_priority_level;expected_required_tools;expected_customer_status;expected_preferred_language;expected_ssr_requests
"Assistance Needed with Overdue Refund";"kelly.johnson@example.com";"refunds@travelagency.com";"Dear Refunds Team,I am writing to follow up on a refund request I submitted over a month ago regarding my canceled trip (booking reference T12345). I was informed that the refund would be processed within 14 business days, but I have yet to receive the funds or any communication regarding the delay. This situation is causing me financial strain, and I am becoming increasingly frustrated with the lack of responsiveness. Please provide an update on the status of my refund and expedite the process. Thank you for your prompt attention to this matter. Sincerely,
"Request for Travel Itinerary Correction";"bruce.banner@example.com";"changes@travelagency.com";"Hello,I recently received my travel itinerary for booking reference U67890, and I noticed that my surname is misspelled as 'Baner' instead of 'Banner'. It's important that this be corrected to match my passport to avoid any issues at the airport.Please update my booking with the correct spelling and send me the revised itinerary.Thank you.Best regards,
"Inquiry About Overbooked Flight Compensation";"wanda.maximoff@example.com";"support@travelagency.com";"Dear Support Team,I was denied boarding on Flight 999 on October 31st, 2023, due to the flight being overbooked. I was rebooked on a later flight, which caused significant delays to my travel plans.I am aware that passengers may be entitled to compensation in such situations. Could you please provide information on how to file a claim?Thank you.Sincerely,
"Assistance Required for Booking Accessible Seating";"charles.xavier@example.com";"specialrequests@travelagency.com";"Dear Team,

I am a wheelchair user and have an upcoming flight on December 12th, 2023, booking reference V23456. I need to request accessible seating and assistance during boarding and deplaning.

Please confirm that these accommodations have been made.

Thank you.

Sincerely,

Charles Xavier";
"Complaint About Unhelpful Staff at Check-In";"tony.stark@example.com";"feedback@travelagency.com";"To Whom It May Concern,

I am writing to express my disappointment with the service I received at the check-in counter on November 1st, 2023, at CityT Airport. The staff member was unhelpful and rude when I asked for assistance with my luggage.

This experience has left a negative impression of your airline. I expect better customer service and hope you will address this issue internally.

Regards,

Tony Stark";"Feedback or Complaints";"Negative";"Medium";"Senior";"Medium";"Feedback Management System";"Customer";"English";""
"Request for Information on Child Travel Policies";"diana.prince@example.com";"info@travelagency.com";"Hello,

I plan to travel with my 7-year-old nephew next month. Could you provide information on the policies for traveling with minors who are not my own children? Do I need any special documentation or consent forms from his parents?

Thank you.

Best,

Diana Prince";"Special Requests";"Neutral";"Medium";"Senior";"Medium";"FAQ Database; Legal Requirements";"Unknown";"English";""
"Urgent: Need to Reschedule Due to Natural Disaster";"clark.kent@example.com";"support@travelagency.com";"Dear Support,Due to the recent earthquake in my hometown, I need to postpone my flight scheduled for tomorrow, November 3rd, 2023, booking reference W34567. Please assist me in rescheduling to a later date without any penalties.Thank you for your understanding.Sincerely
"Inquiry About First-Class Lounge Access";"selina.kyle@example.com";"info@travelagency.com";"Hi,I have booked a first-class ticket for my flight on December 20th, 2023, booking reference X45678. I would like to know if lounge access is included with my ticket and what amenities are available.Thank you.Best regards,
"Request for Assistance with Delayed Baggage";"peter.parker@example.com";"lostandfound@travelagency.com";"Dear Lost and Found,My luggage did not arrive on Flight 888 from CityU to CityV on November 2nd, 2023. The baggage tag number is ABC123. The suitcase is black with a red handle.Please help me locate my luggage and inform me when I can expect to receive it.Thank you.Sincerely,
Peter Parker";"Lost and Found Request";"Negative";"Medium";"Senior";"Medium";"Lost and Found System";"Customer";"English";""
"Difficulty Accessing Booking Confirmation";"steve.rogers@example.com";"support@travelagency.com";"Hello,

I booked a flight yesterday, but I haven't received a confirmation email. I've checked my spam folder and still can't find it. My booking was made under the name Steve Rogers for travel on November 15th, 2023.

Could you please resend the confirmation?

Thank you.

Best,

Steve Rogers";"Unexpected Issues";"Neutral";"Low";"Junior";"Low";"Booking System; Technical Support";"Customer";"English";""
"Feedback on Exceptional In-Flight Service";"natasha.romanoff@example.com";"feedback@travelagency.com";"Dear Team,

I wanted to commend your flight crew on Flight 777 on November 1st, 2023. They were attentive and made the flight enjoyable.

Keep up the great work!

Best regards,

Natasha Romanoff";"Feedback or Complaints";"Positive";"Low";"Junior";"Low";"Feedback Management System";"Customer";"English";""
"Request for Name Change on Ticket";"barry.allen@example.com";"changes@travelagency.com";"Dear Sir/Madam,

I noticed that my middle name is missing from my ticket (booking reference Y56789). My full name is Barry Henry Allen, but the ticket only shows Barry Allen. I want to ensure this won't cause issues during check-in.

Please advise if a correction is needed.

Thank you.

Sincerely,

Barry Allen";"Change Request";"Neutral";"Low";"Junior";"Low";"Booking System";"Customer";"English";""
"Inquiry About Seasonal Promotional Offers";"arthur.curry@example.com";"info@travelagency.com";"Hi,

Are there any promotional offers for beach destinations during the winter months? I'm interested in traveling in January 2024.

Thank you.

Best,

Arthur Curry";"Pricing and Promotional Offers";"Positive";"Low";"Junior";"Low";"Promotions Database";"Unknown";"English";""
"Assistance Needed with Booking Multi-City Flights";"bruce.wayne@example.com";"support@travelagency.com";"Hello,

I am trying to book a multi-city trip on your website but keep encountering errors. I need to travel from CityW to CityX, then to CityY, and return to CityW.

Could you assist me with this booking?

Thank you.

Best regards,

Bruce Wayne";"Unexpected Issues";"Negative";"Medium";"Senior";"Medium";"Technical Support; Booking System";"Customer";"English";""
"Complaint About Flight Cancellation Notification";"harley.quinn@example.com";"feedback@travelagency.com";"Dear Team,

I was notified of my flight cancellation just hours before departure, causing significant inconvenience. Alternative arrangements were not adequately provided.

This level of service is unacceptable.

Regards,

Harley Quinn";"Feedback or Complaints";"Negative";"High";"Expert";"High";"Customer Service Portal";"Customer";"English";""
"Request for Allergy Information on In-Flight Meals";"scott.lang@example.com";"info@travelagency.com";"Dear Sir/Madam,

I have severe food allergies and need detailed information about the ingredients in your in-flight meals for my upcoming flight.

Please provide this information.

Thank you.

Sincerely,

Scott Lang";"Special Requests";"Neutral";"High";"Expert";"High";"SSR Management; Safety Protocols";"Customer";"English";""
"Inquiry About Booking a Charter Flight";"tchalla.king@example.com";"groupbooking@travelagency.com";"Hello,

Our delegation requires a private charter flight for 15 people from CityZ to CityA on December 10th, 2023.

Please provide options and pricing.

Thank you.

Best,

T'Challa King";"Group Request";"Neutral";"High";"Expert";"Medium";"GDS Overlay; Corporate Booking Tools";"Non-Customer";"English";""
"Assistance with Redeeming Flight Voucher";"carol.danvers@example.com";"support@travelagency.com";"Hi,

I have a flight voucher issued last year that I want to redeem, but it's not accepted during online booking.

The voucher code is VOUCHER2023CD.

Please assist.

Thank you.

Best regards,

Carol Danvers";"Unexpected Issues";"Negative";"Medium";"Senior";"Medium";"Voucher System; Technical Support";"Customer";"English";""
"Request for Spanish-Speaking Agent";"miguel.diaz@example.com";"support@travelagency.com";"Hola,

No hablo inglés muy bien y necesito ayuda con mi reserva.

¿Podría atenderme un agente que hable español?

Gracias.

Atentamente,

Miguel Díaz";"Special Requests";"Neutral";"Medium";"Senior";"Medium";"Customer Service Portal; Language Support";"Unknown";"Spanish";""
"Feedback on Easy Booking Process";"kate.bishop@example.com";"feedback@travelagency.com";"Dear Team,

I recently booked a flight through your website, and the process was seamless and user-friendly.

Great job!

Best regards,

Kate Bishop";"Feedback or Complaints";"Positive";"Low";"Junior";"Low";"Feedback Management System";"Customer";"English";""
"Urgent: Medical Emergency During Flight";"stephen.strange@example.com";"support@travelagency.com";"Dear Support,

During my flight on November 2nd, 2023, I experienced a medical emergency. The crew provided assistance, but I incurred medical expenses upon landing.

I need information on how to file an insurance claim.

Thank you.

Sincerely,

Stephen Strange";"Unexpected Issues";"Negative";"High";"Expert";"High";"Insurance Database; Claims Processing";"Customer";"English";""
"Request for Bulk Booking Discount";"nick.fury@example.com";"groupbooking@travelagency.com";"Hello,

I need to book 100 tickets for an upcoming conference in January 2024. Do you offer bulk booking discounts?

Please provide details.

Thank you.

Best,

Nick Fury";"Group Request";"Neutral";"High";"Expert";"Medium";"GDS Overlay; Corporate Booking Tools";"Non-Customer";"English";""
"Complaint About In-Flight Wi-Fi Connectivity";"carol.peletier@example.com";"feedback@travelagency.com";"Dear Team,

The in-flight Wi-Fi on Flight 123 was extremely slow and unreliable. This hindered my ability to work during the flight.

I hope this service can be improved.

Regards,

Carol Peletier";"Feedback or Complaints";"Negative";"Low";"Junior";"Low";"Feedback Management System";"Customer";"English";""
"Inquiry About Visa Requirements for Layover";"daryl.dixon@example.com";"info@travelagency.com";"Hi,

I have a layover in CountryS for 8 hours. Do I need a transit visa?

Please advise.

Thank you.

Best,

Daryl Dixon";"Unexpected Issues";"Neutral";"Low";"Junior";"Low";"Visa Assistance Resources";"Unknown";"English";""
"Assistance Needed with Unresponsive Mobile App";"michonne.grimes@example.com";"support@travelagency.com";"Hello,

Your mobile app keeps crashing when I try to access my boarding pass.

Please help.

Thank you.

Sincerely,

Michonne Grimes";"Unexpected Issues";"Negative";"Low";"Junior";"Low";"Technical Support";"Customer";"English";""
"Request for Confirmation of Medical Equipment Transport";"rick.grimes@example.com";"specialrequests@travelagency.com";"Dear Team,

I need to transport medical equipment (a portable oxygen concentrator) on my flight on November 20th, 2023, booking reference Z67890.

Please confirm any requirements.

Thank you.

Sincerely,

Rick Grimes";"Special Requests";"Neutral";"High";"Expert";"High";"Booking System; Safety Protocols";"Customer";"English";"Medical Equipment Approval"
"Feedback on Airport Transfer Service";"andrea.harrison@example.com";"feedback@travelagency.com";"Dear Team,

The airport transfer service was punctual and the driver was courteous.

Thank you for the excellent service.

Best regards,

Andrea Harrison";"Feedback or Complaints";"Positive";"Low";"Junior";"Low";"Feedback Management System";"Customer";"English";""
"Request to Add Frequent Flyer Number Post-Booking";"glenn.rhee@example.com";"loyalty@travelagency.com";"Hi,

I forgot to add my frequent flyer number when booking my recent flight. Can it be added now so I can earn the points?

My number is FF1234567.

Thank you.

Best,

Glenn Rhee";"Loyalty Programs";"Neutral";"Low";"Junior";"Low";"Loyalty Program System";"Customer";"English";""
"Complaint About Dirty Aircraft Cabin";"maggie.greene@example.com";"feedback@travelagency.com";"Dear Team,

I was disappointed to find my seat area unclean on Flight 456 on November 3rd, 2023.

Please address this with your cleaning staff.

Regards,

Maggie Greene";"Feedback or Complaints";"Negative";"Low";"Junior";"Low";"Feedback Management System";"Customer";"English";""
"Inquiry About Travel Restrictions for Pregnant Passengers";"sasha.williams@example.com";"info@travelagency.com";"Hello,

I am 28 weeks pregnant and planning to fly next month. Are there any restrictions or documentation required?

Thank you.

Best,

Sasha Williams";"Special Requests";"Neutral";"Medium";"Senior";"Medium";"FAQ Database; Medical Policies";"Unknown";"English";""
"Assistance Needed with Seat Selection";"abraham.ford@example.com";"support@travelagency.com";"Hi,

I am unable to select a seat for my upcoming flight through the website.

Please assist.

Thank you.

Sincerely,

Abraham Ford";"Unexpected Issues";"Negative";"Low";"Junior";"Low";"Technical Support; Booking System";"Customer";"English";""
"Request for Vegetarian Meal";"rosita.espinosa@example.com";"specialrequests@travelagency.com";"Dear Team,

Please add a vegetarian meal to my booking (reference AA12345) for my flight on November 25th, 2023.

Thank you.

Sincerely,

Rosita Espinosa";"Special Requests";"Neutral";"Low";"Junior";"Low";"Booking System; SSR Management";"Customer";"English";"Vegetarian Meal"
"Urgent: Stuck Abroad Due to Lost Passport";"eugene.porter@example.com";"support@travelagency.com";"Dear Support,

I have lost my passport while abroad and need assistance with travel documents to return home.

Please advise.

Thank you.

Sincerely,

Eugene Porter";"Unexpected Issues";"Negative";"High";"Expert";"High";"Emergency Support Line; Embassy Contacts";"Customer";"English";""
"Inquiry About Student Group Travel Rates";"tara.chambler@example.com";"groupbooking@travelagency.com";"Hello,

I am organizing a trip for 25 students and would like information on group rates and any student discounts.

Thank you.

Best,

Tara Chambler";"Group Request";"Neutral";"Medium";"Senior";"Medium";"GDS Overlay; Promotions Database";"Non-Customer";"English";""
"Feedback on Flight Cancellation Handling";"gabriel.stokes@example.com";"feedback@travelagency.com";"Dear Team,

Although my flight was canceled, the ground staff did an excellent job arranging accommodations and rebooking.

Thank you for the professional service.

Best regards,

Gabriel Stokes";"Feedback or Complaints";"Positive";"Low";"Junior";"Low";"Feedback Management System";"Customer";"English";""
"Request for Military Discount Information";"aaron.monroe@example.com";"info@travelagency.com";"Hi,

Do you offer military discounts on flights? I am an active-duty service member.

Thank you.

Best,

Aaron Monroe";"Pricing and Promotional Offers";"Neutral";"Low";"Junior";"Low";"Promotions Database";"Unknown";"English";""
"Assistance Needed with Missing Loyalty Points";"eric.raaleigh@example.com";"loyalty@travelagency.com";"Dear Loyalty Team,

I did not receive points for my last flight, booking reference BB23456.

Please investigate.

Thank you.

Sincerely,

Eric Raaleigh";"Loyalty Programs";"Negative";"Medium";"Senior";"Medium";"Loyalty Program System";"Customer";"English";""
"Complaint About Uncomfortable Temperature on Flight";"jesus.maria@example.com";"feedback@travelagency.com";"Dear Team,

The cabin temperature on Flight 789 was uncomfortably cold.

Please address this issue.

Regards,

Jesus Maria";"Feedback or Complaints";"Negative";"Low";"Junior";"Low";"Feedback Management System";"Customer";"English";""
"Request for Information on Pet Adoption Travel";"dwight.fairfield@example.com";"info@travelagency.com";"Hello,

I am adopting a dog from abroad and need information on transporting him back home.

Thank you.

Best,

Dwight Fairfield";"Special Requests";"Neutral";"Medium";"Senior";"Medium";"FAQ Database; Booking System";"Unknown";"English";"Pet Transport"
"Urgent: Need to Change Destination Due to Natural Disaster";"kate.denson@example.com";"support@travelagency.com";"Dear Support,

Due to recent flooding in my destination city, I need to change my travel plans to a different location.

Please assist urgently.

Thank you.

Sincerely,

Kate Denson";"Unexpected Issues";"Negative";"High";"Expert";"High";"GDS Overlay; Booking System";"Customer";"English";""
"Feedback on Exceptional Ground Staff Assistance";"adam.francis@example.com";"feedback@travelagency.com";"Dear Team,

I wanted to praise your ground staff at CityT Airport for their assistance when I lost my wallet. They were extremely helpful.

Thank you.

Best regards,

Adam Francis";"Feedback or Complaints";"Positive";"Low";"Junior";"Low";"Feedback Management System";"Customer";"English";""
"Inquiry About Carbon Offset Programs";"feng.min@example.com";"info@travelagency.com";"Hi,

Do you offer any carbon offset options for flights? I am interested in reducing my environmental impact.

Thank you.

Best,

Feng Min";"Unknown";"Neutral";"Low";"Junior";"Low";"FAQ Database";"Unknown";"English";""
"Assistance Needed with Language Barrier at Destination";"nea.karlsson@example.com";"support@travelagency.com";"Hello,

I am concerned about language barriers at my destination. Do you offer translation services or resources?

Thank you.

Sincerely,

Nea Karlsson";"Special Requests";"Neutral";"Medium";"Senior";"Medium";"Customer Service Portal; Language Support";"Unknown";"English";""
"Request for Assistance with Mobility Scooter Transport";"felix.richter@example.com";"specialrequests@travelagency.com";"Dear Team,

I need to transport my mobility scooter on my flight. Please provide information on procedures and any documentation required.

Thank you.

Sincerely,

Felix Richter";"Special Requests";"Neutral";"High";"Expert";"High";"Booking System; Accessibility Resources";"Customer";"English";"Mobility Scooter Transport"

subject;sender;recipients;body;expected_purpose;expected_sentiment;expected_complexity_level;expected_agent_type;expected_priority_level;expected_required_tools;expected_customer_status;expected_preferred_language;expected_ssr_requests
"Urgent Cancellation and Refund Request for Booking #C12345";"alex.smith@example.com";"cancellations@travelagency.com";"Dear Cancellations Team,

I hope this message finds you well. Unfortunately, I am writing to request the cancellation of my upcoming trip, booking reference C12345, scheduled for departure on December 10th, 2023. Due to unforeseen circumstances—specifically, a sudden illness in the family—I am no longer able to travel as planned.

I attempted to process the cancellation through your online portal on November 25th, 2023, but kept encountering an error message that said 'Service Temporarily Unavailable.' I am concerned that this technical issue may affect my eligibility for a refund, as per your policy that requires cancellations to be made at least 14 days prior to departure.

I have been a loyal customer for over three years, and this is the first time I've had to cancel a trip. I purchased travel insurance at the time of booking, which I believe covers cancellations due to medical emergencies. I can provide any necessary documentation to support my claim.

Please confirm the cancellation and advise on the refund process. If there are any forms I need to complete or additional information required, please let me know at your earliest convenience. You can reach me via email at alex.smith@example.com or by phone at (555) 987-6543.

Thank you for your understanding and prompt attention to this matter.

Sincerely,

Alex Smith";"Cancellation Request";"Negative";"Medium";"Senior";"High";"Booking System; Refund Processing; Insurance Database";"Customer";"English";""
"Request for Wheelchair Assistance and Dietary Needs for Flight #7890";"emily.johnson@example.com";"specialrequests@travelagency.com";"Dear Special Requests Team,

I am writing to make several special requests for my upcoming flight, booking reference #7890, scheduled for departure on December 22nd, 2023. Firstly, I require wheelchair assistance at both the departure and arrival airports due to a recent knee surgery. My mobility is currently limited, and I will be using crutches, so assistance would be greatly appreciated.

Secondly, I have specific dietary needs. I follow a strict gluten-free diet due to celiac disease. I have previously encountered issues where gluten-free meals were not available despite prior requests, so I wanted to emphasize the importance of this requirement. Consuming gluten can lead to severe health complications for me.

Additionally, I am traveling with my 5-year-old son, who has a peanut allergy. It is crucial that no peanuts or peanut products are served near our seating area to prevent any allergic reactions. I understand that you cannot control other passengers' actions, but any precautions you can take would be helpful.

Lastly, our flight is on Christmas Eve, and I was wondering if any special accommodations or activities are planned for children during the flight. It would make the journey more enjoyable for my son.

Please confirm that these requests have been added to my booking. If there are any forms to fill out or additional information required, please let me know. You can reach me at emily.johnson@example.com or call me at (555) 246-8101.

Thank you for your attention to these matters, and I look forward to your prompt response.

Kind regards,

Emily Johnson";"Special Requests";"Neutral";"High";"Expert";"High";"Booking System; SSR Management; Safety Protocols";"Customer";"English";"Wheelchair Assistance; Gluten-Free Meal; Peanut Allergy Precautions"
"Complaint Regarding Flight Delay and Poor Customer Service";"michael.brown@example.com";"feedback@travelagency.com";"To Whom It May Concern,

I am writing to express my extreme dissatisfaction with the service I received on flight AB456 from New York to Los Angeles on November 28th, 2023. The flight was delayed by over four hours without any proper explanation or timely updates. The departure time was initially scheduled for 10:00 AM but we did not take off until after 2:00 PM.

During the delay, the airline staff at the gate were unhelpful and dismissive. When passengers, including myself, asked for updates or reasons for the delay, we were met with vague responses or told to 'wait patiently.' No refreshments or meal vouchers were offered, which is unacceptable for such a lengthy delay.

Furthermore, upon arrival in Los Angeles, I discovered that my checked luggage was misplaced. I filed a report at the lost luggage counter, but the representative seemed uninterested and provided no assurance about when I might expect my belongings. The luggage contains important business documents and personal items that I need urgently.

This experience has caused significant inconvenience and stress. As a frequent traveler for business purposes, I expect a higher level of service. I am requesting compensation for the delay and immediate assistance in locating my lost luggage.

Please address these issues promptly. I can be reached at michael.brown@example.com or (555) 765-4321.

Sincerely,

Michael Brown";"Feedback or Complaints";"Negative";"High";"Expert";"High";"Customer Service Portal; Lost and Found System; Compensation Guidelines";"Customer";"English";""
"Group Booking Inquiry for International Conference";"sarah.lee@techinnovators.com";"groupbooking@travelagency.com";"Dear Group Booking Team,

I am writing on behalf of Tech Innovators Inc. We are organizing an international conference in Tokyo from March 15th to March 20th, 2024. We require travel arrangements for a group of 50 delegates, including flights, accommodations, and transportation within Tokyo.

Our delegates will be departing from various locations, including New York, London, and Sydney. We prefer to have everyone arrive in Tokyo by the evening of March 14th, 2024, to allow time for rest before the conference begins. Accommodations should be at a business-class hotel with conference facilities, as we plan to hold preliminary meetings prior to the main event.

Additionally, we are interested in any group discounts or corporate packages you may offer. Time is of the essence, as we need to finalize arrangements by December 15th, 2023, to ensure all delegates have sufficient time to prepare.

Please provide a detailed proposal outlining the options available, including costs, flight schedules, and hotel amenities. If possible, include options for travel insurance and any visa assistance services, as some delegates may require support in obtaining travel documents.

Feel free to contact me at sarah.lee@techinnovators.com or call my direct line at +1 (555) 321-6549 during business hours.

Thank you for your assistance, and I look forward to your prompt response.

Best regards,

Sarah Lee

International Events Coordinator

Tech Innovators Inc.";"Group Request";"Neutral";"High";"Expert";"Medium";"GDS Overlay; Corporate Booking Tools; Visa Assistance Resources";"Non-Customer";"English";""
"Inquiry About Baggage Allowance and Musical Instrument Transport";"alex.turner@example.com";"info@travelagency.com";"Hi,

I hope this message reaches you well. I have an upcoming flight booked under reference D456789 for December 5th, 2023, from Los Angeles to Berlin. I have a few questions regarding baggage allowance and the transport of musical instruments.

Firstly, could you confirm the checked baggage allowance for my ticket class? I believe it includes one checked bag up to 23kg, but I want to be certain to avoid any surprises at the airport.

Secondly, I need to transport a cello, which is quite large and fragile. I understand that some airlines allow musical instruments to be carried in the cabin if an extra seat is purchased. Could you provide information on the policies regarding this? If necessary, I am willing to purchase an additional seat to ensure the safety of the instrument.

Additionally, are there any special packing requirements or documentation needed for transporting musical instruments internationally? I want to make sure I comply with all regulations to prevent any issues during check-in or customs.

Lastly, I have a layover in Amsterdam. Will I need to collect my luggage and re-check it for the connecting flight, or will it be transferred automatically?

I appreciate your time and assistance. Please respond at your earliest convenience, as my departure date is approaching soon.

Best regards,

Alex Turner

Email: alex.turner@example.com

Phone: (555) 654-3210";"Baggage Information";"Neutral";"Medium";"Senior";"Medium";"FAQ Database; Booking System; Customs Regulations";"Customer";"English";""
"Request to Change Return Flight Date Due to Extended Business Meetings";"linda.green@example.com";"changes@travelagency.com";"Dear Sir/Madam,

I am currently in Tokyo on a business trip and have a return flight booked for December 10th, 2023, under booking reference E98765. However, due to unforeseen extensions in our project meetings, I need to change my return flight to December 15th, 2023.

I have tried to make this change through your mobile app, but it keeps displaying an error message: 'Unable to process your request at this time. Please try again later.' Given the urgency, I am reaching out directly to ensure this change can be accommodated.

I understand that there may be fees associated with changing the flight date. Please inform me of any additional costs, and I will arrange payment promptly. Also, if possible, I would prefer an aisle seat, as I have a medical condition that requires me to move around frequently during long flights.

Please confirm the new flight details and any steps I need to take to finalize this change. You can reach me via email at linda.green@example.com or by phone at +81 3-1234-5678 (Japan local number).

Thank you for your assistance.

Sincerely,

Linda Green";"Change Request";"Neutral";"Medium";"Senior";"Medium";"Booking System; Technical Support";"Customer";"English";""
"Inquiry About Travel Insurance Options and Coverage Details";"paul.adams@example.com";"insurance@travelagency.com";"Hello,

I am in the process of planning a trip to South Africa from January 10th to January 25th, 2024, and I'm interested in purchasing travel insurance. I have a few questions regarding the options available.

Firstly, could you provide details on the different insurance plans you offer, specifically regarding coverage for medical emergencies, trip cancellations, and lost or stolen belongings? I am particularly concerned about medical coverage, as I plan to engage in activities like hiking and possibly safari tours.

Secondly, are there any exclusions I should be aware of, such as pre-existing medical conditions or high-risk activities? I have mild asthma and want to ensure that any related incidents would be covered.

Thirdly, what is the process for filing a claim while abroad, should the need arise? Knowing the procedure in advance would give me peace of mind.

Lastly, is there a difference in coverage if I purchase the insurance now versus closer to the departure date? I want to make sure I am fully protected from the moment I book my flights and accommodations.

Please provide the information at your earliest convenience. You can email me at paul.adams@example.com or call me at (555) 789-0123.

Thank you for your assistance.

Best regards,

Paul Adams";"Travel Insurance Request";"Neutral";"Medium";"Senior";"Medium";"Insurance Database; Policy Details";"Unknown";"English";""
"Difficulty Redeeming Loyalty Points and Account Access Issues";"rachel.jones@example.com";"loyalty@travelagency.com";"Dear Loyalty Program Team,

I hope this email finds you well. I am experiencing several issues with my loyalty account that I'd like to resolve promptly.

Firstly, I have accumulated over 25,000 loyalty points under my account email rachel.jones@example.com. When I attempted to redeem these points towards a booking last week, the system indicated that I have insufficient points. This seems incorrect, as my last statement showed 25,000 points, and I haven't redeemed any recently.

Secondly, I am having trouble accessing my account online. Every time I try to log in, I receive an error message stating 'Account not found.' I have not changed my login credentials, and when I attempt to reset my password, the system doesn't recognize my email address.

I suspect there might be a technical glitch or perhaps my account has been compromised. I would appreciate it if you could investigate this matter urgently. If necessary, I can provide identification or any other information to verify my identity.

Additionally, are there any upcoming promotions or bonuses for loyalty members that I should be aware of? I have been a member for over five years and would like to make the most of the program.

Please contact me at rachel.jones@example.com or (555) 321-0987.

Thank you for your attention to this matter.

Warm regards,

Rachel Jones";"Loyalty Programs";"Negative";"High";"Expert";"High";"Loyalty Program System; Technical Support; Security Protocols";"Customer";"English";""
"Emergency Assistance Needed: Flight Delay Causing Missed International Connection";"steven.miller@example.com";"support@travelagency.com";"Urgent Assistance Required,

I am currently at Chicago O'Hare International Airport, where my flight UA123 to New York was delayed due to mechanical issues. This delay will cause me to miss my connecting flight to London Heathrow, which is scheduled to depart at 8:00 PM tonight, November 30th, 2023.

I have an important business meeting in London tomorrow morning that I cannot miss. I need immediate assistance to find an alternative way to reach London on time. I am willing to consider flights from nearby airports or even alternative destinations in the UK if it means I can make it to my meeting.

I have tried speaking with the airline representatives here, but the lines are long, and I am not getting the assistance I need promptly. Please contact me as soon as possible at (555) 432-1098.

This situation is extremely urgent, and I appreciate any help you can provide.

Sincerely,

Steven Miller";"Unexpected Issues";"Negative";"High";"Expert";"High";"GDS Overlay; Emergency Support Line; Booking System";"Customer";"English";""
"Inquiry About Winter Holiday Packages and Early Booking Discounts";"sophia.williams@example.com";"info@travelagency.com";"Hello,

I am planning a winter vacation for my family (two adults and two teenagers) during the Christmas holidays, specifically from December 20th, 2023, to January 2nd, 2024. We are interested in destinations that offer both winter sports and cultural experiences, such as Switzerland or Austria.

Could you provide information on available packages that include flights, accommodations, and possibly ski passes or equipment rentals? We are also interested in any early booking discounts or promotional offers that might be available for this period.

Additionally, my son is an avid snowboarder, and my daughter is interested in historical sites and museums. A destination that offers both would be ideal. If possible, we'd like accommodations that are family-friendly and centrally located.

Please let me know the options at your earliest convenience. We would like to finalize our plans by the end of this week to ensure availability.

Thank you for your assistance.

Best regards,

Sophia Williams

Email: sophia.williams@example.com

Phone: (555) 567-8901";"Pricing and Promotional Offers";"Positive";"Medium";"Senior";"Medium";"GDS Overlay; Pricing Tool; Promotions Database";"Non-Customer";"English";""
"Assistance Needed: Lost Passport While Abroad and Emergency Travel Documents";"john.doe@example.com";"support@travelagency.com";"Dear Support Team,

I am writing to seek urgent assistance. I am currently in Barcelona, Spain, and I have lost my passport. My return flight to the United States is scheduled for December 5th, 2023, under booking reference F654321.

I have reported the loss to the local authorities and have a police report documenting the incident. However, I understand that I will need emergency travel documents to return home.

Could you provide guidance on the steps I need to take to obtain the necessary documents? Do you offer any services or assistance in coordinating with the U.S. Embassy here in Barcelona?

Additionally, will I need to make any changes to my flight booking due to this situation? I am concerned about potential fees or penalties associated with changing my travel dates, should that become necessary.

Please contact me as soon as possible at john.doe@example.com or my local mobile number +34 612 345 678.

Thank you for your prompt attention to this matter.

Sincerely,

John Doe";"Unexpected Issues";"Negative";"High";"Expert";"High";"Emergency Support Line; Embassy Contacts; Booking System";"Customer";"English";""
"Complaint About In-Flight Entertainment System Malfunction";"lisa.martin@example.com";"feedback@travelagency.com";"To Whom It May Concern,

I recently flew on Flight GH789 from San Francisco to Tokyo on November 27th, 2023. While the flight itself was smooth, I was disappointed that the in-flight entertainment system at my seat was not functioning properly.

I was seated in 23A, and the screen was unresponsive throughout the entire flight. I brought this to the attention of a flight attendant, who attempted to reset the system, but it did not resolve the issue. On a long-haul flight of over 10 hours, having access to entertainment is important for passenger comfort.

I would like to request compensation for this inconvenience, perhaps in the form of a voucher or miles added to my loyalty account. I hope that the airline will ensure that equipment is checked and maintained to prevent such issues in the future.

Thank you for your time.

Best regards,

Lisa Martin

Email: lisa.martin@example.com

Phone: (555) 876-5432";"Feedback or Complaints";"Negative";"Medium";"Senior";"Medium";"Feedback Management System; Compensation Guidelines";"Customer";"English";""
"Request for Special Meal Due to Religious Dietary Restrictions";"omar.ali@example.com";"specialrequests@travelagency.com";"Dear Sir/Madam,

I have an upcoming flight on December 18th, 2023, booking reference G789012. I would like to request a Halal meal for the flight, as I adhere to strict dietary guidelines for religious reasons.

I tried to add this request through the online booking system, but I am unsure if it was successfully recorded. Could you please confirm that a Halal meal has been arranged for both legs of my journey?

Additionally, I am traveling with my elderly mother, who requires a low-sodium meal due to her medical condition. Her booking reference is G789013. Please ensure that her meal preference is also noted.

Thank you for your assistance, and please let me know if any further information is needed.

Kind regards,

Omar Ali

Email: omar.ali@example.com

Phone: (555) 234-5678";"Special Requests";"Neutral";"Medium";"Senior";"Medium";"Booking System; SSR Management";"Customer";"English";"Halal Meal; Low-Sodium Meal"
"Difficulty Accessing Mobile App and Online Check-In";"karen.thomas@example.com";"support@travelagency.com";"Hello,

I am trying to check in for my flight tomorrow, December 1st, 2023, booking reference H890123, but I am experiencing issues with both the mobile app and the website.

The mobile app crashes every time I attempt to open the check-in section. I have tried restarting my phone and reinstalling the app, but the problem persists. When I attempt to check in through the website on my laptop, I receive an error message: 'Service Unavailable. Please try again later.'

I am concerned that I won't be able to secure my preferred seat or avoid long lines at the airport. Could you assist me in completing the check-in process? Alternatively, please advise if there is a system-wide issue that will be resolved shortly.

Thank you for your prompt attention.

Best regards,

Karen Thomas

Email: karen.thomas@example.com

Phone: (555) 345-6789";"Unexpected Issues";"Negative";"Medium";"Senior";"Medium";"Technical Support; Booking System";"Customer";"English";""
"Inquiry About Lost Item on Flight and Retrieval Process";"david.lee@example.com";"lostandfound@travelagency.com";"Dear Lost and Found Department,

I recently traveled on Flight JK345 from Miami to Toronto on November 29th, 2023. Upon arriving at my hotel, I realized that I left my Kindle e-reader in the seat pocket in front of me. I was seated in 14C.

The Kindle is a black Amazon Kindle Paperwhite, and it has a sticker on the back with my email address: david.lee@example.com. It contains numerous notes and documents that are important for my work.

Could you please check if it has been found and advise me on the process for retrieving it? I am in Toronto until December 3rd, 2023, and could pick it up from the airport if necessary.

Thank you for your assistance.

Sincerely,

David Lee

Email: david.lee@example.com

Phone: (555) 987-1234";"Lost and Found Request";"Negative";"Medium";"Senior";"Medium";"Lost and Found System; Customer Service Portal";"Customer";"English";""
"Request for Information on Travel Restrictions and COVID-19 Guidelines";"amelia.clark@example.com";"info@travelagency.com";"Hello,

I am planning a trip to Paris from January 5th to January 15th, 2024, and I wanted to inquire about any current travel restrictions or COVID-19 guidelines that I should be aware of.

Specifically, I would like information on:

1. Entry requirements for U.S. citizens traveling to France.
2. COVID-19 vaccination or testing requirements.
3. Quarantine protocols upon arrival or return.
4. Any forms or declarations that need to be completed before departure.

Additionally, are there any airline-specific policies regarding mask-wearing or in-flight services that I should know about?

I appreciate your assistance in helping me prepare for my trip.

Best regards,

Amelia Clark

Email: amelia.clark@example.com

Phone: (555) 654-7890";"Unexpected Issues";"Neutral";"Low";"Junior";"Low";"FAQ Database; Government Travel Advisories";"Unknown";"English";""
"Request to Add Infant to Booking and Bassinet Seat";"matthew.evans@example.com";"changes@travelagency.com";"Dear Customer Service,

I have a flight booked for December 20th, 2023, under booking reference I234567. Since making the reservation, my wife and I have welcomed a new baby to our family. We would like to add our infant daughter to our booking.

Could you please assist us in adding her to the reservation? We understand there may be fees associated with this addition. Additionally, we would like to request a bassinet seat for the long-haul portions of our flight.

Please let us know what information you need from us to process this request.

Thank you for your help.

Sincerely,

Matthew Evans

Email: matthew.evans@example.com

Phone: (555) 432-1987";"Change Request";"Positive";"Medium";"Senior";"Medium";"Booking System; SSR Management";"Customer";"English";"Bassinet Seat"
"Questions About Pet Travel Policies and Documentation";"olivia.harris@example.com";"info@travelagency.com";"Dear Sir/Madam,

I am planning to travel with my cat on Flight LM456 from Boston to Amsterdam on January 10th, 2024. I have a few questions regarding your pet travel policies:

1. Are cats allowed to travel in the cabin, or must they be checked as cargo?
2. What are the carrier size requirements for in-cabin pets?
3. What documentation is required for international pet travel, such as health certificates or vaccination records?
4. Are there any additional fees, and how can I add my pet to my booking?

I want to ensure I have everything in order well before my departure date.

Thank you for your assistance.

Best regards,

Olivia Harris

Email: olivia.harris@example.com

Phone: (555) 789-6543";"Special Requests";"Neutral";"Medium";"Senior";"Medium";"FAQ Database; Booking System";"Unknown";"English";"Pet in Cabin"
"Request for Refund Due to Booking Error and Duplicate Charges";"david.clark@example.com";"refunds@travelagency.com";"Hello,

I recently attempted to book a flight on your website for travel on December 15th, 2023, under booking reference J345678. During the payment process, I received an error message stating that the transaction could not be completed.

I retried the booking and was successful on the second attempt, receiving confirmation for booking reference J345679. However, upon checking my credit card statement, I noticed that I have been charged twice.

I am requesting a refund for the duplicate charge associated with the failed booking (J345678). Please advise on the steps I need to take to resolve this issue.

Thank you.

Best,

David Clark

Email: david.clark@example.com

Phone: (555) 321-4567";"Refund Request";"Neutral";"Medium";"Senior";"Medium";"Booking System; Refund Processing; Billing System";"Customer";"English";""
"Urgent Assistance Required: Flight Rescheduling Due to Medical Emergency";"lisa.brown@example.com";"support@travelagency.com";"Dear Support Team,

I am scheduled to fly tomorrow, December 2nd, 2023, under booking reference K456789. Unfortunately, I have just been informed that a close family member has been hospitalized, and I need to postpone my trip.

I understand that this is last-minute, but I am hoping you can assist me in rescheduling my flight without incurring significant penalties. I am willing to provide any necessary documentation to support this request.

Please contact me as soon as possible at (555) 654-3219 or lisa.brown@example.com.

Thank you for your understanding.

Sincerely,

Lisa Brown";"Unexpected Issues";"Negative";"High";"Expert";"High";"GDS Overlay; Booking System; Compassionate Policies";"Customer";"English";""
"Inquiry About Group Booking for Educational Tour";"professor.james@example.edu";"groupbooking@travelagency.com";"Dear Group Booking Department,

I am organizing an educational tour for a group of 30 university students studying environmental science. We plan to visit Costa Rica from March 10th to March 20th, 2024.

We require assistance with the following:

1. Flights from New York to San José, Costa Rica.
2. Accommodations in eco-friendly lodges or hotels.
3. Transportation within Costa Rica, including to national parks and research sites.
4. Coordination with local guides knowledgeable in environmental conservation.

Please provide information on group rates, any educational discounts available, and options for travel insurance. We aim to finalize our plans by January 15th, 2024.

You can reach me at professor.james@example.edu or (555) 789-1234.

Thank you for your assistance.

Sincerely,

Professor James Anderson

Department of Environmental Science";"Group Request";"Neutral";"High";"Expert";"Medium";"GDS Overlay; Group Booking Tools; Educational Resources";"Non-Customer";"English";""
"Request for Information on Travel Insurance Claims Process";"julia.roberts@example.com";"insurance@travelagency.com";"Dear Insurance Department,

I had to cancel my trip scheduled for November 20th, 2023, due to a medical emergency. I purchased travel insurance at the time of booking, and I would like to file a claim.

Could you please provide detailed instructions on the claims process, including any forms that need to be completed and documentation required?

Thank you for your assistance.

Sincerely,

Julia Roberts

Email: julia.roberts@example.com

Phone: (555) 876-5432";"Refund Request";"Neutral";"Medium";"Senior";"Medium";"Insurance Database; Claims Processing";"Customer";"English";""
"Complaint About Unresponsive Customer Service Hotline";"tom.holland@example.com";"feedback@travelagency.com";"Dear Customer Service Manager,

I have been trying to reach your customer service hotline for the past two days regarding an urgent matter with my booking (reference L567890). Each time I call, I am placed on hold for over an hour, and when someone finally answers, the line gets disconnected.

This lack of responsiveness is extremely frustrating, especially when dealing with time-sensitive issues. I expect better service from a reputable company.

Please address this issue and have a representative contact me directly at (555) 234-5678.

Regards,

Tom Holland";"Feedback or Complaints";"Negative";"Medium";"Senior";"High";"Customer Service Portal; Call Center Management";"Customer";"English";""
"Assistance Needed with Missing Loyalty Points from Recent Flights";"jennifer.lawrence@example.com";"loyalty@travelagency.com";"Hi,

I recently completed two flights on November 15th and November 22nd, 2023, but I have not seen the corresponding miles credited to my loyalty account (Member ID: JL123456).

Could you please investigate and ensure that the points are added? I have attached copies of my boarding passes for your reference.

Thank you.

Best,

Jennifer Lawrence

Email: jennifer.lawrence@example.com

Phone: (555) 345-6789";"Loyalty Programs";"Neutral";"Medium";"Senior";"Medium";"Loyalty Program System; Customer Service Portal";"Customer";"English";""
Lost Item on International Flight;lost.and.found@example.com;support@agency.com;"Hello,

I believe I left my tablet in the seat pocket of flight AB123 from Tokyo to New York on November 18th. It’s a black iPad with a red cover. Can you confirm if it has been found? I’d like to know the process for retrieving it. Thank you.

Sincerely,
Mark Johnson";Lost and Found Request;Neutral;Medium;Senior;Medium;['Lost and Found Tracker'];Customer;English;
Travel Insurance Coverage for Medical Emergencies;insurance.inquiry@example.com;info@agency.com;"Dear Team,

I’m traveling to South Africa next month, and I would like to purchase travel insurance. Could you confirm if the policy covers medical emergencies such as hospitalizations? If so, what is the maximum coverage amount? Please send me the terms and conditions for review.

Thank you,
Angela Wright";Travel Insurance Request;Neutral;Low;Junior;Low;['FAQ Database'];Non-Customer;English;
Urgent Refund for Cancelled Hotel;refund.request@example.com;support@agency.com;"Hello,

I had a hotel booking in Paris from December 15th to December 20th under Booking Ref: DEF456. The reservation was cancelled by the hotel, and I still haven’t received a refund. Could you expedite this process? I need the refund urgently to book alternative accommodation.

Best regards,
Jessica Lee";Refund Request;Negative;High;Senior;High;['Invoice System'];Customer;English;
Change to Family Flight Booking;family.traveler@example.com;support@agency.com;"Hello,

I need to adjust our upcoming family trip booking. Initially, we planned to depart on January 10th, but due to unforeseen commitments, we need to change the departure date to January 15th. Additionally, could you add infant seating for our youngest child? Booking ref: ABC123.

Best regards,
Sarah Wilson";Change Request;Neutral;High;Senior;Medium;['GDS Overlay', 'FAQ Database'];Customer;English;['Infant Seat']
Complaint about Service at Check-in;unhappy.traveler@example.com;feedback@agency.com;"Dear Support Team,

I want to express my dissatisfaction with the check-in service I experienced on my flight from Toronto to Amsterdam on November 18th. Despite arriving 3 hours early, the queue moved extremely slowly, and the staff seemed unhelpful and overwhelmed. This delay caused significant stress for me and my family. I hope you can address this issue with your team.

Sincerely,
Michael Brown";Feedback or Complaints;Negative;Medium;Senior;Medium;['Feedback Management System'];Customer;English;
Request for Vegetarian Meals;special.needs@example.com;specialrequests@agency.com;"Hi,

I am traveling on December 24th from New York to London, and I would like to request vegetarian meals for both legs of my journey. Booking ref: XYZ789. Please confirm if this can be arranged.

Thank you.

Best regards,
Emily Carter";Special Requests;Neutral;Low;Junior;Low;['FAQ Database'];Customer;English;['Vegetarian Meal']
Urgent Baggage Inquiry for Oversized Items;musician@example.com;info@agency.com;"Hello,

I need clarification on traveling with my musical instrument (a double bass), which is too large for carry-on. I plan to fly from Boston to Vienna on January 5th. Would it be possible to purchase an additional seat, or should it be checked as cargo? What are the costs involved?

Thank you for your prompt response.

Sincerely,
David Reed";Baggage Information;Neutral;Medium;Junior;Medium;['FAQ Database'];Non-Customer;English;
Missed Connection Compensation Request;missed.connection@example.com;support@agency.com;"Hi,

Due to a 5-hour delay on flight QR456 from Doha to Frankfurt, I missed my connecting flight to Oslo. This caused me to incur unexpected hotel and meal expenses during the overnight layover. I would like to claim compensation for these costs. Please let me know how to proceed. Booking ref: PQR456.

Best regards,
John Peterson";Unexpected Issues;Negative;High;Senior;High;['Invoice System', 'FAQ Database'];Customer;English;
Refund Request for Multiple Cancellations;frequent.flyer@example.com;support@agency.com;"Dear Support,

I recently had to cancel two flights: one from Los Angeles to Tokyo on December 1st (Booking ref: ABC456) and another from Tokyo to Seoul on December 3rd (Booking ref: XYZ123). Both cancellations were due to illness, and I have submitted the required medical certificates. Please expedite the refund process as these cancellations have severely impacted my travel budget.

Thank you for your assistance.

Sincerely,
Karen Lee";Refund Request;Negative;High;Expert;High;['Invoice System'];Customer;English;
Lost Passport Assistance;emergency.traveler@example.com;support@agency.com;"Hi Team,

I have lost my passport during my stay in Paris. My return flight to Chicago is scheduled for January 10th. Could you guide me on the process to obtain emergency travel documents or reschedule my flight if necessary? This is an urgent matter.

Thank you for your immediate response.

Sincerely,
Tom Anderson";Unexpected Issues;Urgent Negative;High;Expert;High;['GDS Overlay', 'FAQ Database'];Customer;English;


Assistance Needed: Lost Items During Transit;traveler.concerned@example.com;lostitems@agency.com;"Dear Lost and Found Team,

I am reaching out regarding several items I believe were lost during my transit from Singapore to San Francisco on flight number SG123 on December 5th. I had a brief layover in Dubai, and upon arrival in San Francisco, I noticed that my carry-on bag seemed tampered with. Inside this bag were personal valuables, including a pair of Bose noise-cancelling headphones and an envelope containing travel vouchers.

This is a highly stressful situation as some of these vouchers are necessary for my onward journey. Could you please confirm if any items matching this description have been located? Additionally, I would appreciate guidance on filing a formal complaint or insurance claim if the items are irretrievable.

Thank you for your immediate attention to this matter.

Sincerely,
James Parker";Lost and Found Request;Negative;High;Senior;High;['Lost and Found Tracker', 'Invoice System'];Customer;English;
Request for Customized Group Travel Itinerary;corporate.trips@example.com;groupbooking@agency.com;"Hi Team,

I am organizing a multi-destination corporate travel itinerary for our executives. The trip includes stops in Madrid, London, and Berlin over the course of 10 days, beginning February 10th. We require the following:

1. Round-trip flights for 15 executives, departing from New York.
2. Hotel accommodations near financial districts in each city (4- or 5-star preferred).
3. Transportation between airports and hotels.
4. Access to meeting rooms in each location equipped with Wi-Fi and projection systems.

Please also provide details about any corporate discounts or packages available. We aim to finalize arrangements by January 15th. Thank you for your support!

Best regards,
Michael Harris";Group Request;Neutral;High;Expert;High;['GDS Overlay', 'FAQ Database'];Corporate;English;
Urgent Refund Request for Delayed Flights;frequent.traveler@example.com;refunds@agency.com;"Hello,

My flights from Los Angeles to Tokyo (Booking Ref: REF123) and onward to Bangkok (Booking Ref: REF124) were both delayed by several hours, causing me to miss critical meetings. These delays resulted in significant disruptions to my schedule and financial losses due to unused accommodations and pre-booked tours.

I am requesting an expedited refund for the full cost of both flights. Attached are the invoices and receipts for additional expenses incurred during this travel disruption. Please let me know the estimated processing time for this claim.

Thank you for your understanding and prompt assistance.

Best regards,
Sophia Lee";Refund Request;Negative;High;Senior;High;['Invoice System', 'FAQ Database'];Customer;English;
Feedback on Loyalty Program Benefits;loyalty.member@example.com;feedback@agency.com;"Hi,

I have been a loyalty member for over 5 years, but recently I noticed that the benefits for Gold-tier members seem to have reduced. For instance, complimentary upgrades are rarely available, and the priority check-in line at major airports has become significantly slower. Could you please clarify if any recent changes were made to the loyalty program policies? Additionally, I would appreciate a breakdown of benefits that are still active for my tier.

Thank you for your time.

Best regards,
Laura Adams";Loyalty Programs;Neutral;Medium;Junior;Medium;['FAQ Database'];Customer;English;
Compensation Request for Flight Delay;delayed.passenger@example.com;support@agency.com;"Dear Support,

My flight from Los Angeles to Tokyo on December 10th was delayed by 6 hours, causing me to miss my connecting flight to Bangkok. Due to this, I had to stay overnight at a hotel in Tokyo and incurred additional meal expenses. Booking reference: LAX456.

Please advise on the compensation process and required documentation. I have receipts ready for submission. Your prompt response would be appreciated.

Sincerely,
Robert Chen";Unexpected Issues;Negative;High;Senior;High;['Invoice System'];Customer;English;
Request for Dietary Preferences Update;family.traveler@example.com;specialrequests@agency.com;"Hi Team,

For our upcoming flight to Rome on December 25th, I need to update the meal preferences for my family. Booking reference: ROME789. We require vegetarian meals for two passengers and a gluten-free meal for one child. Could you confirm these changes at your earliest convenience?

Thank you.

Best regards,
Natalie Davis";Special Requests;Neutral;Low;Junior;Low;['FAQ Database'];Customer;English;['Vegetarian Meal', 'Gluten-Free Meal']